config_storage_size,config_block_size,config_blocks_per_bucket,config_recursive_depth,config_use_recursive,config_num_operations,config_read_write_ratio,total_time,avg_read_time,avg_write_time,throughput,client_position_map_size,stash_overflow_count,error_count
127,32,2,0,False,1000,0.3,0.21825575828552246,0.0002176117667047924,0.0002173055585133147,4581.780603890408,7176,0,0
127,32,2,0,False,1000,0.5,0.21487069129943848,0.00021406198651258135,0.0002142401860201098,4653.961850043219,7176,0,0
127,32,2,0,False,1000,0.7,0.20692157745361328,0.00020663269506991332,0.00020559818671425048,4832.748775193227,7176,0,0
127,32,4,0,False,1000,0.3,0.3721444606781006,0.000371533807015186,0.00037108940135520944,2687.1285365308313,7176,0,0
127,32,4,0,False,1000,0.5,0.3562493324279785,0.00035550894628044304,0.00035581769061689616,2807.0228039014387,7176,0,0
