config_storage_size,config_block_size,config_blocks_per_bucket,config_recursive_depth,config_use_recursive,config_num_operations,config_read_write_ratio,total_time,avg_read_time,avg_write_time,throughput,client_position_map_size,stash_overflow_count,error_count
127,32,2,0,False,1000,0.3,0.21497797966003418,0.00021424341361259537,0.00021425939660609704,4651.6392124504955,7176,0,0
127,32,2,0,False,1000,0.5,0.2154076099395752,0.00021342326529883584,0.00021609217531767935,4642.361522327432,7176,0,0
127,32,2,0,False,1000,0.7,0.20955419540405273,0.0002089136830385833,0.00020906061825166114,4772.03521538591,7176,0,0
127,32,4,0,False,1000,0.3,0.360034704208374,0.00035803327300669153,0.00035980379918382113,2777.510024203775,7176,0,0
127,32,4,0,False,1000,0.5,0.36153745651245117,0.00036148524006053166,0.0003602421332779245,2765.9651358020783,7176,0,0
